{"cyc_exp":{"edges":{"kroA200":{"data":[[35865.0,0.6671428680419922],[38851.0,0.7228571176528931],[39530.0,0.7035713791847229],[34590.0,0.6371428370475769],[35540.0,0.6728571653366089],[38447.0,0.6657143235206604],[35203.0,0.7042856812477112],[38535.0,0.7078571319580078]],"to_best":[1.0,0.6700000166893005,0.6650000214576721,0.6200000047683716,0.6000000238418579,0.6100000143051147,0.875,0.6299999952316284]},"kroB200":{"data":[[35811.0,0.6200000047683716],[38378.0,0.6685714721679688],[37060.0,0.7014285326004028],[38759.0,0.6635714173316956],[37863.0,0.7107142806053162],[38056.0,0.6599999666213989],[37739.0,0.6678571105003357],[37950.0,0.647857129573822]],"to_best":[1.0,0.5550000071525574,0.6200000047683716,0.6700000166893005,0.6150000095367432,0.6050000190734863,0.6299999952316284,0.6449999809265137]}},"vertices":{"kroA200":{"data":[[37407.0,0.9614285230636597],[37618.0,0.9042857885360718],[34979.0,0.8557143807411194],[38218.0,0.9614285826683044],[38880.0,0.9614285826683044],[38238.0,0.9614285826683044],[37445.0,0.9614285826683044],[38348.0,0.9299999475479126]],"to_best":[1.0,0.9200000166893005,0.8600000143051147,1.0,1.0,1.0,1.0,0.949999988079071]},"kroB200":{"data":[[35852.0,0.7585715055465698],[37376.0,0.5900000333786011],[38515.0,0.7285714745521545],[37008.0,0.7714285254478455],[38812.0,0.6442856788635254],[37349.0,0.631428599357605],[35224.0,0.7328571677207947],[38302.0,0.7714285254478455]],"to_best":[1.0,0.6100000143051147,0.7300000190734863,0.9700000286102295,0.5699999928474426,0.699999988079071,0.7599999904632568,0.9700000286102295]}}},"greedy":{"edges":{"kroA200":{"data":[[40303.0,0.7464286088943481],[41729.0,0.7328571677207947],[39665.0,0.729285717010498],[39382.0,0.7700000405311584],[40600.0,0.7542856931686401],[38798.0,0.779285728931427],[39780.0,0.7785714268684387],[37559.0,0.7721428871154785]],"to_best":[1.0,0.6949999928474426,0.7049999833106995,0.7900000214576721,0.7099999785423279,0.800000011920929,0.7850000262260437,0.7400000095367432]},"kroB200":{"data":[[39879.0,0.7071428298950195],[41856.0,0.735714316368103],[40352.0,0.72214275598526],[41274.0,0.7050000429153442],[39046.0,0.6500000357627869],[41678.0,0.741428554058075],[39667.0,0.7171428799629211],[40991.0,0.7285714149475098]],"to_best":[1.0,0.7450000047683716,0.75,0.6700000166893005,0.6899999976158142,0.6949999928474426,0.7300000190734863,0.6700000166893005]}},"vertices":{"kroA200":{"data":[[37311.0,0.7857142686843872],[38573.0,0.8542856574058533],[39087.0,0.7528572082519531],[38896.0,0.7885714769363403],[41687.0,0.8657142519950867],[40592.0,0.8600000143051147],[38191.0,0.8728570938110352],[38720.0,0.8742856979370117]],"to_best":[1.0,0.7599999904632568,0.6299999952316284,0.949999988079071,0.8100000023841858,0.8299999833106995,0.7599999904632568,0.7599999904632568]},"kroB200":{"data":[[39151.0,0.7957143187522888],[41013.0,0.8057142496109009],[42266.0,0.5871428847312927],[38617.0,0.7328571677207947],[40077.0,0.8100000023841858],[39369.0,0.5999999642372131],[39845.0,0.8128570914268494],[40933.0,0.8100000023841858]],"to_best":[1.0,0.9200000166893005,0.5699999928474426,0.800000011920929,0.8999999761581421,0.5799999833106995,0.8999999761581421,0.8999999761581421]}}},"lp":{"edges":{"kroA200":{"data":[[38871.0,0.4807142913341522],[36015.0,0.49142858386039734],[37586.0,0.49714285135269165],[39123.0,0.4757142663002014],[38465.0,0.4949999749660492],[38065.0,0.4957142472267151],[37859.0,0.4985714554786682],[38051.0,0.4757142663002014]],"to_best":[1.0,0.47999998927116394,0.4950000047683716,0.47999998927116394,0.45500001311302185,0.4950000047683716,0.5149999856948853,0.4449999928474426]},"kroB200":{"data":[[38643.0,0.46000000834465027],[38941.0,0.4571428596973419],[38304.0,0.4621428847312927],[39975.0,0.4571428596973419],[38237.0,0.4571428596973419],[39460.0,0.44357141852378845],[39398.0,0.4342857003211975],[38511.0,0.452857106924057]],"to_best":[1.0,0.41999998688697815,0.44999998807907104,0.5,0.45500001311302185,0.4650000035762787,0.4399999976158142,0.49000000953674316]}},"vertices":{"kroA200":{"data":[[38545.0,0.5357142686843872],[40414.0,0.5357142686843872],[36732.0,0.5585713982582092],[39994.0,0.550000011920929],[40431.0,0.5485714077949524],[37716.0,0.5271428227424622],[39657.0,0.5442856550216675],[38483.0,0.545714259147644]],"to_best":[1.0,0.5099999904632568,0.5899999737739563,0.550000011920929,0.5400000214576721,0.5199999809265137,0.5199999809265137,0.5199999809265137]},"kroB200":{"data":[[38932.0,0.5299999713897705],[40376.0,0.5357142686843872],[39533.0,0.5285714268684387],[38955.0,0.5314285159111023],[39018.0,0.545714259147644],[38322.0,0.5428571105003357],[38731.0,0.5385714173316956],[38986.0,0.5385714173316956]],"to_best":[1.0,0.5099999904632568,0.5299999713897705,0.5199999809265137,0.5699999928474426,0.5699999928474426,0.5,0.5099999904632568]}}}}