{"cyc_exp":{"edges":{"kroA200":[[40674.0,0.43071430921554565],[37724.0,0.48571428656578064],[40595.0,0.44999998807907104],[37149.0,0.4878571629524231],[38795.0,0.45428571105003357],[38086.0,0.4771428406238556],[39849.0,0.45000001788139343],[37358.0,0.49714285135269165]],"kroB200":[[39211.0,0.49071428179740906],[39146.0,0.4942857325077057],[38108.0,0.48928573727607727],[38019.0,0.48357143998146057],[39401.0,0.48000001907348633],[38237.0,0.4807143211364746],[37882.0,0.4878571331501007],[38121.0,0.4935714602470398]]},"vertices":{"kroA200":[[36589.0,0.5471428036689758],[40519.0,0.5257142782211304],[38405.0,0.5399999618530273],[37323.0,0.5199999809265137],[37984.0,0.5342857241630554],[38663.0,0.5299999713897705],[42045.0,0.5257142782211304],[38342.0,0.5400000214576721]],"kroB200":[[38756.0,0.5214285254478455],[39112.0,0.5385714173316956],[37939.0,0.5199999809265137],[38158.0,0.5471428036689758],[38783.0,0.5471428632736206],[39548.0,0.5314285159111023],[38807.0,0.5199999809265137],[39728.0,0.5428571105003357]]}},"greedy":{"edges":{"kroA200":[[39547.0,0.46714285016059875],[38229.0,0.49642854928970337],[37740.0,0.4749999940395355],[39049.0,0.4749999940395355],[39695.0,0.4749999940395355],[38131.0,0.4878571331501007],[41060.0,0.48071426153182983],[38946.0,0.47142860293388367]],"kroB200":[[40440.0,0.43714284896850586],[40159.0,0.4457142651081085],[40159.0,0.45000001788139343],[40063.0,0.45357146859169006],[39994.0,0.4385714530944824],[38845.0,0.45571428537368774],[38852.0,0.47357144951820374],[37882.0,0.4571428894996643]]},"vertices":{"kroA200":[[40669.0,0.537142813205719],[38302.0,0.5499999523162842],[37244.0,0.5471428036689758],[41247.0,0.5371428728103638],[38491.0,0.537142813205719],[38100.0,0.5414285659790039],[38333.0,0.5385714173316956],[36743.0,0.5428571105003357]],"kroB200":[[38357.0,0.5257142782211304],[38714.0,0.5357142686843872],[40011.0,0.514285683631897],[38432.0,0.5471428632736206],[38655.0,0.537142813205719],[40640.0,0.5185714364051819],[39317.0,0.5314285159111023],[38622.0,0.5442856550216675]]}},"lp":{"edges":{"kroA200":[[39792.0,0.4585714340209961],[39187.0,0.4828571677207947],[38081.0,0.46714282035827637],[38421.0,0.4642857015132904],[40861.0,0.4435714781284332],[40564.0,0.4578571319580078],[39155.0,0.4464285671710968],[41046.0,0.4464285671710968]],"kroB200":[[38961.0,0.46142861247062683],[38810.0,0.46000000834465027],[39791.0,0.45499998331069946],[38884.0,0.4685714542865753],[38613.0,0.47499996423721313],[38116.0,0.47214287519454956],[39589.0,0.4514285624027252],[39620.0,0.4449999928474426]]},"vertices":{"kroA200":[[36865.0,0.5214285254478455],[39760.0,0.5285714268684387],[37804.0,0.5414285063743591],[38018.0,0.5171428322792053],[39143.0,0.5299999713897705],[38810.0,0.5257142782211304],[37707.0,0.5314285159111023],[37722.0,0.5357142686843872]],"kroB200":[[39112.0,0.5314285159111023],[39147.0,0.5514285564422607],[37215.0,0.5342856645584106],[38464.0,0.5385714173316956],[39492.0,0.5328571200370789],[40140.0,0.5414285659790039],[39601.0,0.5628570914268494],[39022.0,0.5299999713897705]]}}}