{"cyc_exp":{"edges":{"kroA200":{"data":[[34985.0,0.7464285492897034],[35791.0,0.7257142663002014],[35050.0,0.5964285731315613],[39416.0,0.7228570580482483],[39231.0,0.6642856597900391],[38310.0,0.647857129573822],[35314.0,0.7549999952316284],[35031.0,0.6828571557998657]],"to_best":[1.0,0.9150000214576721,0.6000000238418579,0.7599999904632568,0.6399999856948853,0.6399999856948853,0.8999999761581421,0.7699999809265137]},"kroB200":{"data":[[37433.0,0.5999999642372131],[37318.0,0.6750000715255737],[37637.0,0.6242857575416565],[39263.0,0.6164284944534302],[37959.0,0.6014285683631897],[34807.0,0.6100000143051147],[38405.0,0.6328571438789368],[38835.0,0.6700000166893005]],"to_best":[1.0,0.6200000047683716,0.5849999785423279,0.6000000238418579,0.6299999952316284,0.6200000047683716,0.5450000166893005,0.6000000238418579]}},"vertices":{"kroA200":{"data":[[39231.0,0.8342857360839844],[35310.0,0.837142825126648],[39325.0,0.8514285683631897],[37520.0,0.8571428060531616],[34918.0,0.8171427845954895],[37137.0,0.8557143211364746],[35172.0,0.817142903804779],[35852.0,0.8185713887214661]],"to_best":[1.0,0.800000011920929,0.949999988079071,0.8899999856948853,0.7799999713897705,0.8399999737739563,0.7799999713897705,0.800000011920929]},"kroB200":{"data":[[37797.0,0.678571343421936],[37807.0,0.6971428990364075],[34538.0,0.690000057220459],[38798.0,0.6028571128845215],[38346.0,0.6385713815689087],[37268.0,0.6942857503890991],[38977.0,0.7057142853736877],[38094.0,0.6157143712043762]],"to_best":[1.0,0.7099999785423279,0.7300000190734863,0.8299999833106995,0.6399999856948853,0.5299999713897705,0.7099999785423279,0.6000000238418579]}}},"greedy":{"edges":{"kroA200":{"data":[[40066.0,0.7549999952316284],[40922.0,0.7935714721679688],[39247.0,0.7921428680419922],[39892.0,0.7764285802841187],[38307.0,0.7642856240272522],[40688.0,0.7885714173316956],[39451.0,0.7921428680419922],[35951.0,0.7378571629524231]],"to_best":[1.0,0.800000011920929,0.7599999904632568,0.7649999856948853,0.6800000071525574,0.8450000286102295,0.7699999809265137,0.6650000214576721]},"kroB200":{"data":[[39020.0,0.7721428871154785],[38960.0,0.7714285850524902],[39878.0,0.7778571248054504],[39813.0,0.7557143568992615],[39965.0,0.7828572392463684],[40015.0,0.7585713267326355],[41124.0,0.7221428751945496],[39795.0,0.7264285683631897]],"to_best":[1.0,0.7599999904632568,0.75,0.7950000166893005,0.7950000166893005,0.7549999952316284,0.7300000190734863,0.8199999928474426]}},"vertices":{"kroA200":{"data":[[38939.0,0.6785714030265808],[38270.0,0.5600000023841858],[41856.0,0.595714271068573],[37860.0,0.7114285826683044],[39523.0,0.6757143139839172],[39553.0,0.7371428608894348],[41054.0,0.6500000357627869],[41525.0,0.7142857313156128]],"to_best":[1.0,0.5600000023841858,0.6700000166893005,0.6700000166893005,0.6600000262260437,0.800000011920929,0.6299999952316284,0.7599999904632568]},"kroB200":{"data":[[38640.0,0.662857174873352],[39197.0,0.7214285731315613],[41420.0,0.7214285135269165],[40242.0,0.7171429395675659],[39155.0,0.6685714721679688],[40918.0,0.7014285326004028],[39226.0,0.6842857003211975],[38966.0,0.7171428799629211]],"to_best":[1.0,0.5,0.5099999904632568,0.5400000214576721,0.8500000238418579,0.8399999737739563,0.8299999833106995,0.5699999928474426]}}},"lp":{"edges":{"kroA200":{"data":[[40017.0,0.4414285719394684],[38786.0,0.4871428906917572],[39048.0,0.4807142913341522],[37679.0,0.4992856979370117],[37319.0,0.4857143461704254],[38013.0,0.49642854928970337],[39604.0,0.4692856967449188],[38432.0,0.4928571581840515]],"to_best":[1.0,0.4300000071525574,0.4749999940395355,0.4650000035762787,0.41999998688697815,0.4449999928474426,0.38499999046325684,0.4699999988079071]},"kroB200":{"data":[[39920.0,0.4471428692340851],[38151.0,0.48642855882644653],[39564.0,0.45642855763435364],[39275.0,0.46071428060531616],[39881.0,0.43142858147621155],[39244.0,0.45499998331069946],[39275.0,0.46214285492897034],[37720.0,0.482142835855484]],"to_best":[1.0,0.48500001430511475,0.41999998688697815,0.4399999976158142,0.4300000071525574,0.46000000834465027,0.4449999928474426,0.44999998807907104]}},"vertices":{"kroA200":{"data":[[39347.0,0.5471428632736206],[41494.0,0.5557143092155457],[36818.0,0.5400000214576721],[38537.0,0.5485714077949524],[39006.0,0.5428571105003357],[38510.0,0.550000011920929],[40332.0,0.5385714173316956],[39639.0,0.5285714268684387]],"to_best":[1.0,0.5600000023841858,0.5400000214576721,0.5600000023841858,0.5299999713897705,0.5699999928474426,0.5400000214576721,0.5299999713897705]},"kroB200":{"data":[[37744.0,0.5357142686843872],[37984.0,0.5699999928474426],[39370.0,0.5442857146263123],[37418.0,0.5357142686843872],[39836.0,0.5442857146263123],[38189.0,0.5399999618530273],[38660.0,0.5157142877578735],[39395.0,0.5542857050895691]],"to_best":[1.0,0.6000000238418579,0.5,0.5099999904632568,0.5199999809265137,0.5099999904632568,0.5199999809265137,0.5899999737739563]}}}}