{"cyc_exp":{"edges":{"kroA200":{"data":[[37605.0,0.4871428310871124],[38635.0,0.4985714256763458],[36880.0,0.4821428656578064],[38551.0,0.4828571379184723],[38209.0,0.46214285492897034],[39627.0,0.4842856824398041],[39058.0,0.45714282989501953],[39010.0,0.4771428406238556]],"to_best":[1.0,0.5350000262260437,0.48500001430511475,0.5249999761581421,0.4650000035762787,0.47999998927116394,0.4449999928474426,0.4749999940395355]},"kroB200":{"data":[[37819.0,0.4814285635948181],[38342.0,0.5014285445213318],[41494.0,0.46785709261894226],[39297.0,0.4921428859233856],[41913.0,0.4507142901420593],[39328.0,0.45000001788139343],[39650.0,0.4778571128845215],[37225.0,0.4942857325077057]],"to_best":[1.0,0.47999998927116394,0.5149999856948853,0.49000000953674316,0.41499999165534973,0.46000000834465027,0.4699999988079071,0.5400000214576721]}},"vertices":{"kroA200":{"data":[[37698.0,0.5428571105003357],[39510.0,0.5485714077949524],[39487.0,0.5214285254478455],[37334.0,0.5342856645584106],[40091.0,0.5385714173316956],[39358.0,0.5428571105003357],[41071.0,0.5385714173316956],[40065.0,0.5328571200370789]],"to_best":[1.0,0.5600000023841858,0.5099999904632568,0.5600000023841858,0.5400000214576721,0.5600000023841858,0.5299999713897705,0.5400000214576721]},"kroB200":{"data":[[38853.0,0.5257142782211304],[37142.0,0.5471428036689758],[41893.0,0.5514285564422607],[38765.0,0.5485714077949524],[40107.0,0.537142813205719],[38718.0,0.5471428632736206],[38214.0,0.5714285969734192],[37632.0,0.5342856645584106]],"to_best":[1.0,0.5,0.5699999928474426,0.5099999904632568,0.5099999904632568,0.550000011920929,0.5400000214576721,0.5]}}},"greedy":{"edges":{"kroA200":{"data":[[37818.0,0.4885714054107666],[38409.0,0.49642854928970337],[40269.0,0.45499998331069946],[38249.0,0.4871428310871124],[40104.0,0.4621428847312927],[38448.0,0.459285706281662],[39407.0,0.44857144355773926],[39341.0,0.46714287996292114]],"to_best":[1.0,0.574999988079071,0.4449999928474426,0.5299999713897705,0.47999998927116394,0.4749999940395355,0.44999998807907104,0.4650000035762787]},"kroB200":{"data":[[39390.0,0.46071428060531616],[38180.0,0.47357144951820374],[38954.0,0.48642852902412415],[39079.0,0.47357144951820374],[39895.0,0.4571428596973419],[39858.0,0.4835713803768158],[37151.0,0.4942857325077057],[38049.0,0.4764285683631897]],"to_best":[1.0,0.45500001311302185,0.49000000953674316,0.41999998688697815,0.4350000023841858,0.47999998927116394,0.5,0.4449999928474426]}},"vertices":{"kroA200":{"data":[[39254.0,0.5328571200370789],[38587.0,0.5314285159111023],[39199.0,0.5214285254478455],[37599.0,0.5428571105003357],[38919.0,0.5414285659790039],[40461.0,0.5199999809265137],[38505.0,0.5385714173316956],[39615.0,0.5371428728103638]],"to_best":[1.0,0.5400000214576721,0.5400000214576721,0.5299999713897705,0.5400000214576721,0.5099999904632568,0.5299999713897705,0.5400000214576721]},"kroB200":{"data":[[37665.0,0.5542857050895691],[38224.0,0.5414285063743591],[39497.0,0.5342856645584106],[37337.0,0.5414285659790039],[38961.0,0.550000011920929],[38268.0,0.5399999618530273],[38092.0,0.5342857241630554],[39181.0,0.5385714173316956]],"to_best":[1.0,0.550000011920929,0.5699999928474426,0.5600000023841858,0.5699999928474426,0.550000011920929,0.5299999713897705,0.550000011920929]}}},"lp":{"edges":{"kroA200":{"data":[[38701.0,0.47928571701049805],[37825.0,0.474285751581192],[36462.0,0.4864285886287689],[39036.0,0.47571423649787903],[38739.0,0.4957142770290375],[38822.0,0.5014285445213318],[37353.0,0.4692857265472412],[38911.0,0.4949999749660492]],"to_best":[1.0,0.45500001311302185,0.46000000834465027,0.44999998807907104,0.4749999940395355,0.5299999713897705,0.48500001430511475,0.5]},"kroB200":{"data":[[39188.0,0.4928571581840515],[38430.0,0.4835713803768158],[38786.0,0.4778571128845215],[38281.0,0.5135714411735535],[39789.0,0.46714287996292114],[37924.0,0.5007142424583435],[37912.0,0.5014285445213318],[38842.0,0.4928571283817291]],"to_best":[1.0,0.4749999940395355,0.4650000035762787,0.5299999713897705,0.46000000834465027,0.49000000953674316,0.4950000047683716,0.5350000262260437]}},"vertices":{"kroA200":{"data":[[38054.0,0.5385714173316956],[37140.0,0.5299999713897705],[40838.0,0.537142813205719],[36099.0,0.5342857241630554],[38786.0,0.5428571105003357],[38130.0,0.5414285063743591],[35647.0,0.5257142782211304],[39830.0,0.5385714173316956]],"to_best":[1.0,0.5199999809265137,0.5099999904632568,0.5699999928474426,0.5600000023841858,0.550000011920929,0.5600000023841858,0.5]},"kroB200":{"data":[[38474.0,0.5285714268684387],[40457.0,0.5528571009635925],[41156.0,0.537142813205719],[38486.0,0.5128571391105652],[39633.0,0.5314285159111023],[38166.0,0.5314285159111023],[37968.0,0.5342857241630554],[38401.0,0.5485714077949524]],"to_best":[1.0,0.5400000214576721,0.5099999904632568,0.5099999904632568,0.5099999904632568,0.5199999809265137,0.5400000214576721,0.5699999928474426]}}}}